
{
	"1" : 
	{
		"atk":94.387096774194,
		"def":30.645161290323,
		"atk_spd":2000,
		"star":1,
		"hp":367.74193548387
	},
	"2" : 
	{
		"atk":78.030241935484,
		"def":21.903225806452,
		"atk_spd":2583,
		"star":1,
		"hp":262.83870967742
	},
	"3" : 
	{
		"atk":89.41935483871,
		"def":31.935483870968,
		"atk_spd":2000,
		"star":1,
		"hp":421.54838709677
	},
	"4" : 
	{
		"atk":73.306451612903,
		"def":42.762096774194,
		"atk_spd":1600,
		"star":1,
		"hp":513.14516129032
	},
	"5" : 
	{
		"atk":86.802419354839,
		"def":23.258064516129,
		"atk_spd":2460,
		"star":1,
		"hp":279.09677419355
	},
	"6" : 
	{
		"atk":115.58467741935,
		"def":23.709677419355,
		"atk_spd":1680,
		"star":1,
		"hp":284.51612903226
	},
	"7" : 
	{
		"atk":79.29435483871,
		"def":48.457661290323,
		"atk_spd":1600,
		"star":2,
		"hp":528.62903225806
	},
	"8" : 
	{
		"atk":98.95564516129,
		"def":39.582258064516,
		"atk_spd":1444,
		"star":2,
		"hp":531.9855483871
	},
	"9" : 
	{
		"atk":113.11548387097,
		"def":36.725806451613,
		"atk_spd":2100,
		"star":2,
		"hp":440.70967741935
	},
	"10" : 
	{
		"atk":88.985887096774,
		"def":26.227419354839,
		"atk_spd":2337,
		"star":2,
		"hp":346.20193548387
	},
	"11" : 
	{
		"atk":106.98709677419,
		"def":39.355967741935,
		"atk_spd":2060,
		"star":2,
		"hp":504.36774193548
	},
	"12" : 
	{
		"atk":126.59274193548,
		"def":27.266129032258,
		"atk_spd":1600,
		"star":2,
		"hp":359.91290322581
	},
	"13" : 
	{
		"atk":116.82701612903,
		"def":33.758064516129,
		"atk_spd":2337,
		"star":3,
		"hp":445.6064516129
	},
	"14" : 
	{
		"atk":132.62096774194,
		"def":53.048387096774,
		"atk_spd":1444,
		"star":3,
		"hp":712.97032258065
	},
	"15" : 
	{
		"atk":141.78387096774,
		"def":48.225806451613,
		"atk_spd":2200,
		"star":3,
		"hp":578.70967741935
	},
	"16" : 
	{
		"atk":123.00851612903,
		"def":49.81935483871,
		"atk_spd":1960,
		"star":3,
		"hp":597.83225806452
	},
	"17" : 
	{
		"atk":117.12580645161,
		"def":52.838709677419,
		"atk_spd":1900,
		"star":3,
		"hp":528.38709677419
	},
	"18" : 
	{
		"atk":108.97983870968,
		"def":55.040322580645,
		"atk_spd":1600,
		"star":3,
		"hp":693.50806451613
	},
	"19" : 
	{
		"atk":157.41532258065,
		"def":27.740322580645,
		"atk_spd":1760,
		"star":3,
		"hp":369.87096774194
	},
	"20" : 
	{
		"atk":114.53629032258,
		"def":33.758064516129,
		"atk_spd":2509.2,
		"star":3,
		"hp":425.35161290323
	},
	"21" : 
	{
		"atk":142.07741935484,
		"def":50.741935483871,
		"atk_spd":2200,
		"star":3,
		"hp":608.90322580645
	},
	"22" : 
	{
		"atk":149.91935483871,
		"def":32.290322580645,
		"atk_spd":1664,
		"star":3,
		"hp":387.48387096774
	},
	"23" : 
	{
		"atk":104.83870967742,
		"def":48.435483870968,
		"atk_spd":1516.2,
		"star":3,
		"hp":591.7935483871
	},
	"24" : 
	{
		"atk":173.83122580645,
		"def":57.483870967742,
		"atk_spd":1900,
		"star":4,
		"hp":793.27741935484
	},
	"25" : 
	{
		"atk":136.95793548387,
		"def":47.554838709677,
		"atk_spd":1800,
		"star":3,
		"hp":608.70193548387
	},
	"26" : 
	{
		"atk":148.10080645161,
		"def":65.16435483871,
		"atk_spd":1588.4,
		"star":4,
		"hp":758.27612903226
	},
	"27" : 
	{
		"atk":159.91028225806,
		"def":42.846774193548,
		"atk_spd":2583,
		"star":4,
		"hp":555.29419354839
	},
	"28" : 
	{
		"atk":131.73387096774,
		"def":80.504032258065,
		"atk_spd":1680,
		"star":4,
		"hp":878.22580645161
	},
	"29" : 
	{
		"atk":131.73387096774,
		"def":73.185483870968,
		"atk_spd":1760,
		"star":4,
		"hp":966.04838709677
	},
	"30" : 
	{
		"atk":123.69919354839,
		"def":35.445967741935,
		"atk_spd":2583,
		"star":3,
		"hp":413.19870967742
	},
	"31" : 
	{
		"atk":112.94274193548,
		"def":31.703225806452,
		"atk_spd":2533.8,
		"star":3,
		"hp":380.43870967742
	},
	"32" : 
	{
		"atk":175.54193548387,
		"def":33.758064516129,
		"atk_spd":1600,
		"star":3,
		"hp":405.09677419355
	},
	"33" : 
	{
		"atk":199.79637096774,
		"def":40.983870967742,
		"atk_spd":1680,
		"star":4,
		"hp":540.98709677419
	},
	"34" : 
	{
		"atk":151.4939516129,
		"def":80.337701612903,
		"atk_spd":1728,
		"star":4,
		"hp":1009.9596774194
	},
	"35" : 
	{
		"atk":222.55483870968,
		"def":70.967741935484,
		"atk_spd":2060,
		"star":5,
		"hp":894.1935483871
	},
	"36" : 
	{
		"atk":148.73951612903,
		"def":80.337701612903,
		"atk_spd":1680,
		"star":4,
		"hp":1009.9596774194
	},
	"37" : 
	{
		"atk":208.87802419355,
		"def":42.846774193548,
		"atk_spd":1760,
		"star":4,
		"hp":514.16129032258
	},
	"38" : 
	{
		"atk":197.09516129032,
		"def":61.209677419355,
		"atk_spd":2040,
		"star":4,
		"hp":734.51612903226
	},
	"39" : 
	{
		"atk":146.00504032258,
		"def":40.983870967742,
		"atk_spd":2460,
		"star":4,
		"hp":540.98709677419
	},
	"40" : 
	{
		"atk":153.50322580645,
		"def":54.822580645161,
		"atk_spd":2200,
		"star":4,
		"hp":657.87096774194
	},
	"41" : 
	{
		"atk":171.38709677419,
		"def":67.33064516129,
		"atk_spd":2140,
		"star":4,
		"hp":771.24193548387
	},
	"42" : 
	{
		"atk":153.02419354839,
		"def":67.33064516129,
		"atk_spd":1573.96,
		"star":4,
		"hp":822.65806451613
	},
	"43" : 
	{
		"atk":191.61290322581,
		"def":106.45161290323,
		"atk_spd":1760,
		"star":5,
		"hp":1277.4193548387
	},
	"44" : 
	{
		"atk":181.72741935484,
		"def":103.79032258065,
		"atk_spd":1712,
		"star":5,
		"hp":1245.4838709677
	},
	"45" : 
	{
		"atk":207.74193548387,
		"def":74.193548387097,
		"atk_spd":2100,
		"star":5,
		"hp":979.35483870968
	},
	"46" : 
	{
		"atk":224.36129032258,
		"def":74.193548387097,
		"atk_spd":2160,
		"star":5,
		"hp":890.32258064516
	},
	"47" : 
	{
		"atk":260.41935483871,
		"def":54.532258064516,
		"atk_spd":1680,
		"star":5,
		"hp":623.22580645161
	},
	"48" : 
	{
		"atk":180.1935483871,
		"def":50.58064516129,
		"atk_spd":2533.8,
		"star":5,
		"hp":667.66451612903
	},
	"49" : 
	{
		"atk":191.96129032258,
		"def":52.387096774194,
		"atk_spd":2509.2,
		"star":5,
		"hp":672.65032258065
	},
	"50" : 
	{
		"atk":209.35483870968,
		"def":83.741935483871,
		"atk_spd":1444,
		"star":5,
		"hp":1074.3329032258
	},
	"51" : 
	{
		"atk":277.10967741935,
		"def":53.290322580645,
		"atk_spd":1600,
		"star":5,
		"hp":671.45806451613
	},
	"52" : 
	{
		"atk":182.90322580645,
		"def":76.645161290323,
		"atk_spd":1588.4,
		"star":5,
		"hp":936.46451612903
	},
	"63" : 
	{
		"atk":258.32258064516,
		"def":55.638709677419,
		"atk_spd":1600,
		"star":5,
		"hp":606.96774193548
	},
	"64" : 
	{
		"atk":117.44758064516,
		"def":49.790322580645,
		"atk_spd":2460,
		"star":5,
		"hp":625.93548387097
	},
	"71" : 
	{
		"atk":108.50806451613,
		"def":66.310483870968,
		"atk_spd":1600,
		"star":3,
		"hp":795.72580645161
	},
	"66" : 
	{
		"atk":197.26451612903,
		"def":73.806451612903,
		"atk_spd":2000,
		"star":5,
		"hp":805.16129032258
	},
	"68" : 
	{
		"atk":152.41935483871,
		"def":84.677419354839,
		"atk_spd":1600,
		"star":5,
		"hp":1168.5483870968
	},
	"70" : 
	{
		"atk":234.47741935484,
		"def":79.935483870968,
		"atk_spd":2040,
		"star":5,
		"hp":913.54838709677
	},
	"65" : 
	{
		"atk":237.77419354839,
		"def":47.41935483871,
		"atk_spd":1696,
		"star":5,
		"hp":586.10322580645
	},
	"67" : 
	{
		"atk":191.48387096774,
		"def":68.387096774194,
		"atk_spd":2000,
		"star":5,
		"hp":943.74193548387
	},
	"69" : 
	{
		"atk":186.23064516129,
		"def":58.61935483871,
		"atk_spd":2460,
		"star":5,
		"hp":671.45806451613
	},
	"72" : 
	{
		"atk":106.12227822581,
		"def":42.846774193548,
		"atk_spd":2460,
		"star":4,
		"hp":545.01096774194
	}
}
